,polaridad,tweet
0,0.0, PatriaPrimeroEc CNE aprueba entrega de formularios para recoleccin de firmas para eliminar el CPCCS El mismo cnegobec NO ENTREGA
1,0.0, PatriaPrimeroEc CNE aprueba entrega de formularios para recoleccin de firmas para eliminar el CPCCS El mismo cnegobec NO ENTREGA
2,0.0, PatriaPrimeroEc CNE aprueba entrega de formularios para recoleccin de firmas para eliminar el CPCCS El mismo cnegobec NO ENTREGA
3,0.0, VerdugaAbraham Ahora ya nadie habla del renovado CPCCS Ser que la purga funcionQuin decide cuando expira la coyuntura
4,0.0, PatriaPrimeroEc CNE aprueba entrega de formularios para recoleccin de firmas para eliminar el CPCCS El mismo cnegobec NO ENTREGA
5,0.0, smercedesfranco GabrielaEsPais en Sputnik sobre la situacin poltica de Ecuador y la destitucin ilegal de otros ciudadanos elegido
6,0.0, PatriaPrimeroEc CNE aprueba entrega de formularios para recoleccin de firmas para eliminar el CPCCS El mismo cnegobec NO ENTREGA
7,0.0, PatriaPrimeroEc CNE aprueba entrega de formularios para recoleccin de firmas para eliminar el CPCCS El mismo cnegobec NO ENTREGA
8,0.19999999999999998, EstebanVillama9 La consulta popular para eliminar al CPCCS adems de darle total independencia a la fiscala debera darle total ind
9,0.0, PatriaPrimeroEc CNE aprueba entrega de formularios para recoleccin de firmas para eliminar el CPCCS El mismo cnegobec NO ENTREGA
10,0.0, PatriaPrimeroEc CNE aprueba entrega de formularios para recoleccin de firmas para eliminar el CPCCS El mismo cnegobec NO ENTREGA
11,0.0, smercedesfranco GabrielaEsPais en Sputnik sobre la situacin poltica de Ecuador y la destitucin ilegal de otros ciudadanos elegido
12,0.0, PatriaPrimeroEc CNE aprueba entrega de formularios para recoleccin de firmas para eliminar el CPCCS El mismo cnegobec NO ENTREGA
13,0.0, PatriaPrimeroEc CNE aprueba entrega de formularios para recoleccin de firmas para eliminar el CPCCS El mismo cnegobec NO ENTREGA
14,0.0, PatriaPrimeroEc CNE aprueba entrega de formularios para recoleccin de firmas para eliminar el CPCCS El mismo cnegobec NO ENTREGA
15,0.0, PatriaPrimeroEc CNE aprueba entrega de formularios para recoleccin de firmas para eliminar el CPCCS El mismo cnegobec NO ENTREGA
16,0.0, PatriaPrimeroEc CNE aprueba entrega de formularios para recoleccin de firmas para eliminar el CPCCS El mismo cnegobec NO ENTREGA
17,0.0, PatriaPrimeroEc CNE aprueba entrega de formularios para recoleccin de firmas para eliminar el CPCCS El mismo cnegobec NO ENTREGA
18,0.0, PatriaPrimeroEc CNE aprueba entrega de formularios para recoleccin de firmas para eliminar el CPCCS El mismo cnegobec NO ENTREGA
19,0.0, PatriaPrimeroEc CNE aprueba entrega de formularios para recoleccin de firmas para eliminar el CPCCS El mismo cnegobec NO ENTREGA
20,0.0, PatriaPrimeroEc CNE aprueba entrega de formularios para recoleccin de firmas para eliminar el CPCCS El mismo cnegobec NO ENTREGA
21,0.0, PatriaPrimeroEc CNE aprueba entrega de formularios para recoleccin de firmas para eliminar el CPCCS El mismo cnegobec NO ENTREGA
22,0.0, PatriaPrimeroEc CNE aprueba entrega de formularios para recoleccin de firmas para eliminar el CPCCS El mismo cnegobec NO ENTREGA
23,0.0, PatriaPrimeroEc CNE aprueba entrega de formularios para recoleccin de firmas para eliminar el CPCCS El mismo cnegobec NO ENTREGA
24,0.0, PatriaPrimeroEc CNE aprueba entrega de formularios para recoleccin de firmas para eliminar el CPCCS El mismo cnegobec NO ENTREGA
25,0.0, PatriaPrimeroEc CNE aprueba entrega de formularios para recoleccin de firmas para eliminar el CPCCS El mismo cnegobec NO ENTREGA
26,0.0, PatriaPrimeroEc CNE aprueba entrega de formularios para recoleccin de firmas para eliminar el CPCCS El mismo cnegobec NO ENTREGA
27,0.0, PatriaPrimeroEc CNE aprueba entrega de formularios para recoleccin de firmas para eliminar el CPCCS El mismo cnegobec NO ENTREGA
28,0.0, PatriaPrimeroEc CNE aprueba entrega de formularios para recoleccin de firmas para eliminar el CPCCS El mismo cnegobec NO ENTREGA
29,0.0, PatriaPrimeroEc CNE aprueba entrega de formularios para recoleccin de firmas para eliminar el CPCCS El mismo cnegobec NO ENTREGA
30,0.0, PatriaPrimeroEc CNE aprueba entrega de formularios para recoleccin de firmas para eliminar el CPCCS El mismo cnegobec NO ENTREGA
31,0.0, PatriaPrimeroEc CNE aprueba entrega de formularios para recoleccin de firmas para eliminar el CPCCS El mismo cnegobec NO ENTREGA
32,0.0, PatriaPrimeroEc CNE aprueba entrega de formularios para recoleccin de firmas para eliminar el CPCCS El mismo cnegobec NO ENTREGA
33,0.0, PatriaPrimeroEc CNE aprueba entrega de formularios para recoleccin de firmas para eliminar el CPCCS El mismo cnegobec NO ENTREGA
34,0.0, PatriaPrimeroEc CNE aprueba entrega de formularios para recoleccin de firmas para eliminar el CPCCS El mismo cnegobec NO ENTREGA
35,0.0, PatriaPrimeroEc CNE aprueba entrega de formularios para recoleccin de firmas para eliminar el CPCCS El mismo cnegobec NO ENTREGA
36,0.0, Infinitum01 CNE aprueba entrega de formularios para recoleccin de firmas para eliminar el CPCCS El mismo cnegobec NO ENTREGA for
37,0.0, PatriaPrimeroEc CNE aprueba entrega de formularios para recoleccin de firmas para eliminar el CPCCS El mismo cnegobec NO ENTREGA
38,0.0, PatriaPrimeroEc CNE aprueba entrega de formularios para recoleccin de firmas para eliminar el CPCCS El mismo cnegobec NO ENTREGA
39,0.0, PatriaPrimeroEc CNE aprueba entrega de formularios para recoleccin de firmas para eliminar el CPCCS El mismo cnegobec NO ENTREGA
40,0.0, PatriaPrimeroEc CNE aprueba entrega de formularios para recoleccin de firmas para eliminar el CPCCS El mismo cnegobec NO ENTREGA
41,0.0, PatriaPrimeroEc CNE aprueba entrega de formularios para recoleccin de firmas para eliminar el CPCCS El mismo cnegobec NO ENTREGA
42,0.0, PatriaPrimeroEc CNE aprueba entrega de formularios para recoleccin de firmas para eliminar el CPCCS El mismo cnegobec NO ENTREGA
43,0.0, PatriaPrimeroEc CNE aprueba entrega de formularios para recoleccin de firmas para eliminar el CPCCS El mismo cnegobec NO ENTREGA
44,0.0, PatriaPrimeroEc CNE aprueba entrega de formularios para recoleccin de firmas para eliminar el CPCCS El mismo cnegobec NO ENTREGA
45,0.0, PatriaPrimeroEc CNE aprueba entrega de formularios para recoleccin de firmas para eliminar el CPCCS El mismo cnegobec NO ENTREGA
46,0.0, PatriaPrimeroEc CNE aprueba entrega de formularios para recoleccin de firmas para eliminar el CPCCS El mismo cnegobec NO ENTREGA
47,0.0, Infinitum01 CNE aprueba entrega de formularios para recoleccin de firmas para eliminar el CPCCS El mismo cnegobec NO ENTREGA for
48,0.0, PatriaPrimeroEc CNE aprueba entrega de formularios para recoleccin de firmas para eliminar el CPCCS El mismo cnegobec NO ENTREGA
49,0.0, Infinitum01 CNE aprueba entrega de formularios para recoleccin de firmas para eliminar el CPCCS El mismo cnegobec NO ENTREGA for
50,0.0, PatriaPrimeroEc CNE aprueba entrega de formularios para recoleccin de firmas para eliminar el CPCCS El mismo cnegobec NO ENTREGA
51,0.0, PatriaPrimeroEc CNE aprueba entrega de formularios para recoleccin de firmas para eliminar el CPCCS El mismo cnegobec NO ENTREGA
52,0.0, PatriaPrimeroEc CNE aprueba entrega de formularios para recoleccin de firmas para eliminar el CPCCS El mismo cnegobec NO ENTREGA
53,0.0, PatriaPrimeroEc CNE aprueba entrega de formularios para recoleccin de firmas para eliminar el CPCCS El mismo cnegobec NO ENTREGA
54,0.0, PatriaPrimeroEc CNE aprueba entrega de formularios para recoleccin de firmas para eliminar el CPCCS El mismo cnegobec NO ENTREGA
55,0.0, PatriaPrimeroEc CNE aprueba entrega de formularios para recoleccin de firmas para eliminar el CPCCS El mismo cnegobec NO ENTREGA
56,0.0, PatriaPrimeroEc CNE aprueba entrega de formularios para recoleccin de firmas para eliminar el CPCCS El mismo cnegobec NO ENTREGA
57,0.0, PatriaPrimeroEc CNE aprueba entrega de formularios para recoleccin de firmas para eliminar el CPCCS El mismo cnegobec NO ENTREGA
58,0.0, PatriaPrimeroEc CNE aprueba entrega de formularios para recoleccin de firmas para eliminar el CPCCS El mismo cnegobec NO ENTREGA
59,0.0, PatriaPrimeroEc CNE aprueba entrega de formularios para recoleccin de firmas para eliminar el CPCCS El mismo cnegobec NO ENTREGA
60,0.0, PatriaPrimeroEc CNE aprueba entrega de formularios para recoleccin de firmas para eliminar el CPCCS El mismo cnegobec NO ENTREGA
61,0.0, smercedesfranco GabrielaEsPais en Sputnik sobre la situacin poltica de Ecuador y la destitucin ilegal de otros ciudadanos elegido
62,0.0, PatriaPrimeroEc CNE aprueba entrega de formularios para recoleccin de firmas para eliminar el CPCCS El mismo cnegobec NO ENTREGA
63,0.0, PatriaPrimeroEc CNE aprueba entrega de formularios para recoleccin de firmas para eliminar el CPCCS El mismo cnegobec NO ENTREGA
64,0.0, PatriaPrimeroEc CNE aprueba entrega de formularios para recoleccin de firmas para eliminar el CPCCS El mismo cnegobec NO ENTREGA
65,0.0, PatriaPrimeroEc CNE aprueba entrega de formularios para recoleccin de firmas para eliminar el CPCCS El mismo cnegobec NO ENTREGA
66,0.0, PatriaPrimeroEc CNE aprueba entrega de formularios para recoleccin de firmas para eliminar el CPCCS El mismo cnegobec NO ENTREGA
67,0.0, PatriaPrimeroEc CNE aprueba entrega de formularios para recoleccin de firmas para eliminar el CPCCS El mismo cnegobec NO ENTREGA
68,0.0, PatriaPrimeroEc CNE aprueba entrega de formularios para recoleccin de firmas para eliminar el CPCCS El mismo cnegobec NO ENTREGA
69,0.0, PatriaPrimeroEc CNE aprueba entrega de formularios para recoleccin de firmas para eliminar el CPCCS El mismo cnegobec NO ENTREGA
70,0.0, PatriaPrimeroEc CNE aprueba entrega de formularios para recoleccin de firmas para eliminar el CPCCS El mismo cnegobec NO ENTREGA
71,0.0, smercedesfranco GabrielaEsPais en Sputnik sobre la situacin poltica de Ecuador y la destitucin ilegal de otros ciudadanos elegido
72,0.0, PatriaPrimeroEc CNE aprueba entrega de formularios para recoleccin de firmas para eliminar el CPCCS El mismo cnegobec NO ENTREGA
73,0.0, PatriaPrimeroEc CNE aprueba entrega de formularios para recoleccin de firmas para eliminar el CPCCS El mismo cnegobec NO ENTREGA
74,0.0, PatriaPrimeroEc CNE aprueba entrega de formularios para recoleccin de firmas para eliminar el CPCCS El mismo cnegobec NO ENTREGA
75,0.0, smercedesfranco GabrielaEsPais en Sputnik sobre la situacin poltica de Ecuador y la destitucin ilegal de otros ciudadanos elegido
76,0.0, PatriaPrimeroEc CNE aprueba entrega de formularios para recoleccin de firmas para eliminar el CPCCS El mismo cnegobec NO ENTREGA
77,0.0, PatriaPrimeroEc CNE aprueba entrega de formularios para recoleccin de firmas para eliminar el CPCCS El mismo cnegobec NO ENTREGA
78,0.19999999999999998, EstebanVillama9 La consulta popular para eliminar al CPCCS adems de darle total independencia a la fiscala debera darle total ind
79,0.0, PatriaPrimeroEc CNE aprueba entrega de formularios para recoleccin de firmas para eliminar el CPCCS El mismo cnegobec NO ENTREGA
80,0.0, PatriaPrimeroEc CNE aprueba entrega de formularios para recoleccin de firmas para eliminar el CPCCS El mismo cnegobec NO ENTREGA
81,0.0, smercedesfranco GabrielaEsPais en Sputnik sobre la situacin poltica de Ecuador y la destitucin ilegal de otros ciudadanos elegido
82,0.0, PatriaPrimeroEc CNE aprueba entrega de formularios para recoleccin de firmas para eliminar el CPCCS El mismo cnegobec NO ENTREGA
83,0.19999999999999998,La consulta popular para eliminar al CPCCS adems de darle total independencia a la fiscala debera darle total
84,0.0, PatriaPrimeroEc CNE aprueba entrega de formularios para recoleccin de firmas para eliminar el CPCCS El mismo cnegobec NO ENTREGA
85,0.0, PatriaPrimeroEc CNE aprueba entrega de formularios para recoleccin de firmas para eliminar el CPCCS El mismo cnegobec NO ENTREGA
86,0.0, PatriaPrimeroEc CNE aprueba entrega de formularios para recoleccin de firmas para eliminar el CPCCS El mismo cnegobec NO ENTREGA
87,0.0, PatriaPrimeroEc CNE aprueba entrega de formularios para recoleccin de firmas para eliminar el CPCCS El mismo cnegobec NO ENTREGA
88,0.0, PatriaPrimeroEc CNE aprueba entrega de formularios para recoleccin de firmas para eliminar el CPCCS El mismo cnegobec NO ENTREGA
89,0.0, PatriaPrimeroEc CNE aprueba entrega de formularios para recoleccin de firmas para eliminar el CPCCS El mismo cnegobec NO ENTREGA
90,0.0, VerdugaAbraham Ahora ya nadie habla del renovado CPCCS Ser que la purga funcionQuin decide cuando expira la coyuntura
91,0.0, PatriaPrimeroEc CNE aprueba entrega de formularios para recoleccin de firmas para eliminar el CPCCS El mismo cnegobec NO ENTREGA
92,0.0, PatriaPrimeroEc CNE aprueba entrega de formularios para recoleccin de firmas para eliminar el CPCCS El mismo cnegobec NO ENTREGA
93,0.0, PatriaPrimeroEc CNE aprueba entrega de formularios para recoleccin de firmas para eliminar el CPCCS El mismo cnegobec NO ENTREGA
94,0.0, PatriaPrimeroEc CNE aprueba entrega de formularios para recoleccin de firmas para eliminar el CPCCS El mismo cnegobec NO ENTREGA
95,0.0, PatriaPrimeroEc CNE aprueba entrega de formularios para recoleccin de firmas para eliminar el CPCCS El mismo cnegobec NO ENTREGA
96,0.0, PatriaPrimeroEc CNE aprueba entrega de formularios para recoleccin de firmas para eliminar el CPCCS El mismo cnegobec NO ENTREGA
97,0.0, PatriaPrimeroEc CNE aprueba entrega de formularios para recoleccin de firmas para eliminar el CPCCS El mismo cnegobec NO ENTREGA
98,0.0, PatriaPrimeroEc CNE aprueba entrega de formularios para recoleccin de firmas para eliminar el CPCCS El mismo cnegobec NO ENTREGA
99,0.0, PatriaPrimeroEc CNE aprueba entrega de formularios para recoleccin de firmas para eliminar el CPCCS El mismo cnegobec NO ENTREGA
100,0.0, EcConvergencia La ex consejera del CPCCS AndreaRiveraV concluye su intervencin mencionando que Es importante retomar la organizac
101,0.0, PatriaPrimeroEc CNE aprueba entrega de formularios para recoleccin de firmas para eliminar el CPCCS El mismo cnegobec NO ENTREGA
102,0.0, PatriaPrimeroEc CNE aprueba entrega de formularios para recoleccin de firmas para eliminar el CPCCS El mismo cnegobec NO ENTREGA
103,0.0, PatriaPrimeroEc CNE aprueba entrega de formularios para recoleccin de firmas para eliminar el CPCCS El mismo cnegobec NO ENTREGA
104,0.0, PatriaPrimeroEc CNE aprueba entrega de formularios para recoleccin de firmas para eliminar el CPCCS El mismo cnegobec NO ENTREGA
105,0.0, PatriaPrimeroEc CNE aprueba entrega de formularios para recoleccin de firmas para eliminar el CPCCS El mismo cnegobec NO ENTREGA
106,0.0, PatriaPrimeroEc CNE aprueba entrega de formularios para recoleccin de firmas para eliminar el CPCCS El mismo cnegobec NO ENTREGA
107,0.0, PatriaPrimeroEc CNE aprueba entrega de formularios para recoleccin de firmas para eliminar el CPCCS El mismo cnegobec NO ENTREGA
108,0.0, PatriaPrimeroEc CNE aprueba entrega de formularios para recoleccin de firmas para eliminar el CPCCS El mismo cnegobec NO ENTREGA
109,0.0, PatriaPrimeroEc CNE aprueba entrega de formularios para recoleccin de firmas para eliminar el CPCCS El mismo cnegobec NO ENTREGA
110,0.0, PatriaPrimeroEc CNE aprueba entrega de formularios para recoleccin de firmas para eliminar el CPCCS El mismo cnegobec NO ENTREGA
111,0.0, PatriaPrimeroEc CNE aprueba entrega de formularios para recoleccin de firmas para eliminar el CPCCS El mismo cnegobec NO ENTREGA
112,0.0, Infinitum01 CNE aprueba entrega de formularios para recoleccin de firmas para eliminar el CPCCS El mismo cnegobec NO ENTREGA for
113,0.0, smercedesfranco GabrielaEsPais en Sputnik sobre la situacin poltica de Ecuador y la destitucin ilegal de otros ciudadanos elegido
114,0.0, PatriaPrimeroEc CNE aprueba entrega de formularios para recoleccin de firmas para eliminar el CPCCS El mismo cnegobec NO ENTREGA
115,0.0, PatriaPrimeroEc CNE aprueba entrega de formularios para recoleccin de firmas para eliminar el CPCCS El mismo cnegobec NO ENTREGA
116,0.0, piaang SeguimosEnResistencia Basta d miedos ha defender la Patria se estn llevando todono hay respeto a la Constitucion Democr
117,0.0, PatriaPrimeroEc CNE aprueba entrega de formularios para recoleccin de firmas para eliminar el CPCCS El mismo cnegobec NO ENTREGA
118,0.0, PatriaPrimeroEc CNE aprueba entrega de formularios para recoleccin de firmas para eliminar el CPCCS El mismo cnegobec NO ENTREGA
119,0.0, PatriaPrimeroEc CNE aprueba entrega de formularios para recoleccin de firmas para eliminar el CPCCS El mismo cnegobec NO ENTREGA
120,0.0, PatriaPrimeroEc CNE aprueba entrega de formularios para recoleccin de firmas para eliminar el CPCCS El mismo cnegobec NO ENTREGA
121,0.0, smercedesfranco GabrielaEsPais en Sputnik sobre la situacin poltica de Ecuador y la destitucin ilegal de otros ciudadanos elegido
122,0.0, PatriaPrimeroEc CNE aprueba entrega de formularios para recoleccin de firmas para eliminar el CPCCS El mismo cnegobec NO ENTREGA
123,0.0, PatriaPrimeroEc CNE aprueba entrega de formularios para recoleccin de firmas para eliminar el CPCCS El mismo cnegobec NO ENTREGA
124,0.0, PatriaPrimeroEc CNE aprueba entrega de formularios para recoleccin de firmas para eliminar el CPCCS El mismo cnegobec NO ENTREGA
125,0.0, PatriaPrimeroEc CNE aprueba entrega de formularios para recoleccin de firmas para eliminar el CPCCS El mismo cnegobec NO ENTREGA
126,0.0, PatriaPrimeroEc CNE aprueba entrega de formularios para recoleccin de firmas para eliminar el CPCCS El mismo cnegobec NO ENTREGA
127,0.0, smercedesfranco GabrielaEsPais en Sputnik sobre la situacin poltica de Ecuador y la destitucin ilegal de otros ciudadanos elegido
128,0.0, smercedesfranco GabrielaEsPais en Sputnik sobre la situacin poltica de Ecuador y la destitucin ilegal de otros ciudadanos elegido
129,0.0, smercedesfranco GabrielaEsPais en Sputnik sobre la situacin poltica de Ecuador y la destitucin ilegal de otros ciudadanos elegido
130,0.0, Infinitum01 CNE aprueba entrega de formularios para recoleccin de firmas para eliminar el CPCCS El mismo cnegobec NO ENTREGA for
131,0.0, PatriaPrimeroEc CNE aprueba entrega de formularios para recoleccin de firmas para eliminar el CPCCS El mismo cnegobec NO ENTREGA
132,0.0, PatriaPrimeroEc CNE aprueba entrega de formularios para recoleccin de firmas para eliminar el CPCCS El mismo cnegobec NO ENTREGA
133,0.0, PatriaPrimeroEc CNE aprueba entrega de formularios para recoleccin de firmas para eliminar el CPCCS El mismo cnegobec NO ENTREGA
134,0.0, PatriaPrimeroEc CNE aprueba entrega de formularios para recoleccin de firmas para eliminar el CPCCS El mismo cnegobec NO ENTREGA
135,0.0, PatriaPrimeroEc CNE aprueba entrega de formularios para recoleccin de firmas para eliminar el CPCCS El mismo cnegobec NO ENTREGA
136,0.0, PatriaPrimeroEc CNE aprueba entrega de formularios para recoleccin de firmas para eliminar el CPCCS El mismo cnegobec NO ENTREGA
137,0.0, CPCCS En un ritual ancestral realizado por los Taytas y Mamas de Cotopaxi e Imbabura ChristianCruzLa presidente del CPCCS recibi
138,0.0, PatriaPrimeroEc CNE aprueba entrega de formularios para recoleccin de firmas para eliminar el CPCCS El mismo cnegobec NO ENTREGA
139,0.0, PatriaPrimeroEc CNE aprueba entrega de formularios para recoleccin de firmas para eliminar el CPCCS El mismo cnegobec NO ENTREGA
140,0.0, PatriaPrimeroEc CNE aprueba entrega de formularios para recoleccin de firmas para eliminar el CPCCS El mismo cnegobec NO ENTREGA
141,0.0, PatriaPrimeroEc CNE aprueba entrega de formularios para recoleccin de firmas para eliminar el CPCCS El mismo cnegobec NO ENTREGA
142,0.0, VerdugaAbraham Ahora ya nadie habla del renovado CPCCS Ser que la purga funcionQuin decide cuando expira la coyuntura
143,0.0, PatriaPrimeroEc CNE aprueba entrega de formularios para recoleccin de firmas para eliminar el CPCCS El mismo cnegobec NO ENTREGA
144,0.0, PatriaPrimeroEc CNE aprueba entrega de formularios para recoleccin de firmas para eliminar el CPCCS El mismo cnegobec NO ENTREGA
145,0.0, PatriaPrimeroEc CNE aprueba entrega de formularios para recoleccin de firmas para eliminar el CPCCS El mismo cnegobec NO ENTREGA
146,0.0, PatriaPrimeroEc CNE aprueba entrega de formularios para recoleccin de firmas para eliminar el CPCCS El mismo cnegobec NO ENTREGA
147,0.0, cviterigualinga Dije 16julio si cuadrunvirato MorenoNebotLassoBucaram contina con destruccin de la Patria modifica estructura
148,0.0, PatriaPrimeroEc CNE aprueba entrega de formularios para recoleccin de firmas para eliminar el CPCCS El mismo cnegobec NO ENTREGA
149,0.0, PatriaPrimeroEc CNE aprueba entrega de formularios para recoleccin de firmas para eliminar el CPCCS El mismo cnegobec NO ENTREGA
150,0.0, PatriaPrimeroEc CNE aprueba entrega de formularios para recoleccin de firmas para eliminar el CPCCS El mismo cnegobec NO ENTREGA
151,0.0, PatriaPrimeroEc CNE aprueba entrega de formularios para recoleccin de firmas para eliminar el CPCCS El mismo cnegobec NO ENTREGA
152,0.0, PatriaPrimeroEc CNE aprueba entrega de formularios para recoleccin de firmas para eliminar el CPCCS El mismo cnegobec NO ENTREGA
153,0.0, Infinitum01 CNE aprueba entrega de formularios para recoleccin de firmas para eliminar el CPCCS El mismo cnegobec NO ENTREGA for
154,0.0, PatriaPrimeroEc CNE aprueba entrega de formularios para recoleccin de firmas para eliminar el CPCCS El mismo cnegobec NO ENTREGA
155,0.0, PatriaPrimeroEc CNE aprueba entrega de formularios para recoleccin de firmas para eliminar el CPCCS El mismo cnegobec NO ENTREGA
156,0.0, smercedesfranco GabrielaEsPais en Sputnik sobre la situacin poltica de Ecuador y la destitucin ilegal de otros ciudadanos elegido
157,0.0, PatriaPrimeroEc CNE aprueba entrega de formularios para recoleccin de firmas para eliminar el CPCCS El mismo cnegobec NO ENTREGA
158,0.0, PatriaPrimeroEc CNE aprueba entrega de formularios para recoleccin de firmas para eliminar el CPCCS El mismo cnegobec NO ENTREGA
159,0.0, ONaimad 60 millones para una consulta TRAMPOSA y nombran a dedo al CPCCS transitorio 60 millones para elegir y legalizar por
160,0.0, Infinitum01 CNE aprueba entrega de formularios para recoleccin de firmas para eliminar el CPCCS El mismo cnegobec NO ENTREGA for
161,0.0, PatriaPrimeroEc CNE aprueba entrega de formularios para recoleccin de firmas para eliminar el CPCCS El mismo cnegobec NO ENTREGA
162,0.0, PatriaPrimeroEc CNE aprueba entrega de formularios para recoleccin de firmas para eliminar el CPCCS El mismo cnegobec NO ENTREGA
163,0.0, PatriaPrimeroEc CNE aprueba entrega de formularios para recoleccin de firmas para eliminar el CPCCS El mismo cnegobec NO ENTREGA
164,0.0, PatriaPrimeroEc CNE aprueba entrega de formularios para recoleccin de firmas para eliminar el CPCCS El mismo cnegobec NO ENTREGA
165,0.0, smercedesfranco GabrielaEsPais en Sputnik sobre la situacin poltica de Ecuador y la destitucin ilegal de otros ciudadanos elegido
166,0.0, PatriaPrimeroEc CNE aprueba entrega de formularios para recoleccin de firmas para eliminar el CPCCS El mismo cnegobec NO ENTREGA
167,0.0, PatriaPrimeroEc CNE aprueba entrega de formularios para recoleccin de firmas para eliminar el CPCCS El mismo cnegobec NO ENTREGA
168,0.0,GabrielaEsPais en Sputnik sobre la situacin poltica de Ecuador y la destitucin ilegal de otros ciudadanos eleg
169,0.0, PatriaPrimeroEc CNE aprueba entrega de formularios para recoleccin de firmas para eliminar el CPCCS El mismo cnegobec NO ENTREGA
170,0.0, PatriaPrimeroEc CNE aprueba entrega de formularios para recoleccin de firmas para eliminar el CPCCS El mismo cnegobec NO ENTREGA
171,0.0,60 millones para una consulta TRAMPOSA y nombran a dedo al CPCCS transitorio 60 millones para elegir y leg
172,0.0, Infinitum01 CNE aprueba entrega de formularios para recoleccin de firmas para eliminar el CPCCS El mismo cnegobec NO ENTREGA for
173,0.0, PatriaPrimeroEc CNE aprueba entrega de formularios para recoleccin de firmas para eliminar el CPCCS El mismo cnegobec NO ENTREGA
174,0.0, PatriaPrimeroEc CNE aprueba entrega de formularios para recoleccin de firmas para eliminar el CPCCS El mismo cnegobec NO ENTREGA
175,0.0, CPCCS En un ritual ancestral realizado por los Taytas y Mamas de Cotopaxi e Imbabura ChristianCruzLa presidente del CPCCS recibi
176,0.0, LEXKANDER Ya le cacharon NoCmo ahora el CPCCS ya no investigar las atrocidades de Trujillo y del estado ya no es noticiaCm
177,0.0, PatriaPrimeroEc CNE aprueba entrega de formularios para recoleccin de firmas para eliminar el CPCCS El mismo cnegobec NO ENTREGA
178,0.0, Infinitum01 CNE aprueba entrega de formularios para recoleccin de firmas para eliminar el CPCCS El mismo cnegobec NO ENTREGA for
179,0.0, PatriaPrimeroEc CNE aprueba entrega de formularios para recoleccin de firmas para eliminar el CPCCS El mismo cnegobec NO ENTREGA
180,0.0, PatriaPrimeroEc CNE aprueba entrega de formularios para recoleccin de firmas para eliminar el CPCCS El mismo cnegobec NO ENTREGA
181,0.0, PatriaPrimeroEc CNE aprueba entrega de formularios para recoleccin de firmas para eliminar el CPCCS El mismo cnegobec NO ENTREGA
182,0.0, PatriaPrimeroEc CNE aprueba entrega de formularios para recoleccin de firmas para eliminar el CPCCS El mismo cnegobec NO ENTREGA
183,0.0, PatriaPrimeroEc CNE aprueba entrega de formularios para recoleccin de firmas para eliminar el CPCCS El mismo cnegobec NO ENTREGA
184,0.0, Infinitum01 CNE aprueba entrega de formularios para recoleccin de firmas para eliminar el CPCCS El mismo cnegobec NO ENTREGA for
185,0.0, PatriaPrimeroEc CNE aprueba entrega de formularios para recoleccin de firmas para eliminar el CPCCS El mismo cnegobec NO ENTREGA
186,0.0, Infinitum01 CNE aprueba entrega de formularios para recoleccin de firmas para eliminar el CPCCS El mismo cnegobec NO ENTREGA for
187,0.0, PatriaPrimeroEc CNE aprueba entrega de formularios para recoleccin de firmas para eliminar el CPCCS El mismo cnegobec NO ENTREGA
188,0.0, PatriaPrimeroEc CNE aprueba entrega de formularios para recoleccin de firmas para eliminar el CPCCS El mismo cnegobec NO ENTREGA
189,0.0, PatriaPrimeroEc CNE aprueba entrega de formularios para recoleccin de firmas para eliminar el CPCCS El mismo cnegobec NO ENTREGA
190,0.0, PatriaPrimeroEc CNE aprueba entrega de formularios para recoleccin de firmas para eliminar el CPCCS El mismo cnegobec NO ENTREGA
191,0.0, PatriaPrimeroEc CNE aprueba entrega de formularios para recoleccin de firmas para eliminar el CPCCS El mismo cnegobec NO ENTREGA
192,0.0, PatriaPrimeroEc CNE aprueba entrega de formularios para recoleccin de firmas para eliminar el CPCCS El mismo cnegobec NO ENTREGA
193,0.0, PatriaPrimeroEc CNE aprueba entrega de formularios para recoleccin de firmas para eliminar el CPCCS El mismo cnegobec NO ENTREGA
194,0.0, Infinitum01 CNE aprueba entrega de formularios para recoleccin de firmas para eliminar el CPCCS El mismo cnegobec NO ENTREGA for
195,0.0, PatriaPrimeroEc CNE aprueba entrega de formularios para recoleccin de firmas para eliminar el CPCCS El mismo cnegobec NO ENTREGA
196,0.0, PatriaPrimeroEc CNE aprueba entrega de formularios para recoleccin de firmas para eliminar el CPCCS El mismo cnegobec NO ENTREGA
197,0.0, Infinitum01 CNE aprueba entrega de formularios para recoleccin de firmas para eliminar el CPCCS El mismo cnegobec NO ENTREGA for
198,0.0, PatriaPrimeroEc CNE aprueba entrega de formularios para recoleccin de firmas para eliminar el CPCCS El mismo cnegobec NO ENTREGA
199,0.0, PatriaPrimeroEc CNE aprueba entrega de formularios para recoleccin de firmas para eliminar el CPCCS El mismo cnegobec NO ENTREGA
200,0.0, PatriaPrimeroEc CNE aprueba entrega de formularios para recoleccin de firmas para eliminar el CPCCS El mismo cnegobec NO ENTREGA
201,0.0, PatriaPrimeroEc CNE aprueba entrega de formularios para recoleccin de firmas para eliminar el CPCCS El mismo cnegobec NO ENTREGA
202,0.0, Infinitum01 CNE aprueba entrega de formularios para recoleccin de firmas para eliminar el CPCCS El mismo cnegobec NO ENTREGA for
203,0.0, PatriaPrimeroEc CNE aprueba entrega de formularios para recoleccin de firmas para eliminar el CPCCS El mismo cnegobec NO ENTREGA
204,0.0, Infinitum01 CNE aprueba entrega de formularios para recoleccin de firmas para eliminar el CPCCS El mismo cnegobec NO ENTREGA for
205,0.0, VerdugaAbraham Ahora ya nadie habla del renovado CPCCS Ser que la purga funcionQuin decide cuando expira la coyuntura
206,0.0, PatriaPrimeroEc CNE aprueba entrega de formularios para recoleccin de firmas para eliminar el CPCCS El mismo cnegobec NO ENTREGA
207,0.0, PatriaPrimeroEc CNE aprueba entrega de formularios para recoleccin de firmas para eliminar el CPCCS El mismo cnegobec NO ENTREGA
208,0.0, PatriaPrimeroEc CNE aprueba entrega de formularios para recoleccin de firmas para eliminar el CPCCS El mismo cnegobec NO ENTREGA
209,0.0, PatriaPrimeroEc CNE aprueba entrega de formularios para recoleccin de firmas para eliminar el CPCCS El mismo cnegobec NO ENTREGA
210,0.0, PatriaPrimeroEc CNE aprueba entrega de formularios para recoleccin de firmas para eliminar el CPCCS El mismo cnegobec NO ENTREGA
211,0.0, PatriaPrimeroEc CNE aprueba entrega de formularios para recoleccin de firmas para eliminar el CPCCS El mismo cnegobec NO ENTREGA
212,0.0, PatriaPrimeroEc CNE aprueba entrega de formularios para recoleccin de firmas para eliminar el CPCCS El mismo cnegobec NO ENTREGA
213,0.0, Infinitum01 CNE aprueba entrega de formularios para recoleccin de firmas para eliminar el CPCCS El mismo cnegobec NO ENTREGA for
214,0.0, PatriaPrimeroEc CNE aprueba entrega de formularios para recoleccin de firmas para eliminar el CPCCS El mismo cnegobec NO ENTREGA
215,0.0, Infinitum01 CNE aprueba entrega de formularios para recoleccin de firmas para eliminar el CPCCS El mismo cnegobec NO ENTREGA for
216,0.0, PatriaPrimeroEc CNE aprueba entrega de formularios para recoleccin de firmas para eliminar el CPCCS El mismo cnegobec NO ENTREGA
217,0.0, PatriaPrimeroEc CNE aprueba entrega de formularios para recoleccin de firmas para eliminar el CPCCS El mismo cnegobec NO ENTREGA
218,0.0, PatriaPrimeroEc CNE aprueba entrega de formularios para recoleccin de firmas para eliminar el CPCCS El mismo cnegobec NO ENTREGA
219,0.0, Infinitum01 CNE aprueba entrega de formularios para recoleccin de firmas para eliminar el CPCCS El mismo cnegobec NO ENTREGA for
220,0.0, Infinitum01 CNE aprueba entrega de formularios para recoleccin de firmas para eliminar el CPCCS El mismo cnegobec NO ENTREGA for
221,0.0, PatriaPrimeroEc CNE aprueba entrega de formularios para recoleccin de firmas para eliminar el CPCCS El mismo cnegobec NO ENTREGA
222,0.0, PatriaPrimeroEc CNE aprueba entrega de formularios para recoleccin de firmas para eliminar el CPCCS El mismo cnegobec NO ENTREGA
223,0.0, PatriaPrimeroEc CNE aprueba entrega de formularios para recoleccin de firmas para eliminar el CPCCS El mismo cnegobec NO ENTREGA
224,0.0, PatriaPrimeroEc CNE aprueba entrega de formularios para recoleccin de firmas para eliminar el CPCCS El mismo cnegobec NO ENTREGA
225,0.0, PatriaPrimeroEc CNE aprueba entrega de formularios para recoleccin de firmas para eliminar el CPCCS El mismo cnegobec NO ENTREGA
226,0.0, PatriaPrimeroEc CNE aprueba entrega de formularios para recoleccin de firmas para eliminar el CPCCS El mismo cnegobec NO ENTREGA
227,0.0, PatriaPrimeroEc CNE aprueba entrega de formularios para recoleccin de firmas para eliminar el CPCCS El mismo cnegobec NO ENTREGA
228,0.0, PatriaPrimeroEc CNE aprueba entrega de formularios para recoleccin de firmas para eliminar el CPCCS El mismo cnegobec NO ENTREGA
229,0.0, PatriaPrimeroEc CNE aprueba entrega de formularios para recoleccin de firmas para eliminar el CPCCS El mismo cnegobec NO ENTREGA
230,0.0, PatriaPrimeroEc CNE aprueba entrega de formularios para recoleccin de firmas para eliminar el CPCCS El mismo cnegobec NO ENTREGA
231,0.0, PatriaPrimeroEc CNE aprueba entrega de formularios para recoleccin de firmas para eliminar el CPCCS El mismo cnegobec NO ENTREGA
232,0.0, Infinitum01 CNE aprueba entrega de formularios para recoleccin de firmas para eliminar el CPCCS El mismo cnegobec NO ENTREGA for
233,0.0, PatriaPrimeroEc CNE aprueba entrega de formularios para recoleccin de firmas para eliminar el CPCCS El mismo cnegobec NO ENTREGA
234,0.0, Infinitum01 CNE aprueba entrega de formularios para recoleccin de firmas para eliminar el CPCCS El mismo cnegobec NO ENTREGA for
235,0.0, PatriaPrimeroEc CNE aprueba entrega de formularios para recoleccin de firmas para eliminar el CPCCS El mismo cnegobec NO ENTREGA
236,0.0, PatriaPrimeroEc CNE aprueba entrega de formularios para recoleccin de firmas para eliminar el CPCCS El mismo cnegobec NO ENTREGA
237,0.0, PatriaPrimeroEc CNE aprueba entrega de formularios para recoleccin de firmas para eliminar el CPCCS El mismo cnegobec NO ENTREGA
238,0.0, PatriaPrimeroEc CNE aprueba entrega de formularios para recoleccin de firmas para eliminar el CPCCS El mismo cnegobec NO ENTREGA
239,0.0, PatriaPrimeroEc CNE aprueba entrega de formularios para recoleccin de firmas para eliminar el CPCCS El mismo cnegobec NO ENTREGA
240,0.0, PatriaPrimeroEc CNE aprueba entrega de formularios para recoleccin de firmas para eliminar el CPCCS El mismo cnegobec NO ENTREGA
241,0.0, PatriaPrimeroEc CNE aprueba entrega de formularios para recoleccin de firmas para eliminar el CPCCS El mismo cnegobec NO ENTREGA
242,0.0, Infinitum01 CNE aprueba entrega de formularios para recoleccin de firmas para eliminar el CPCCS El mismo cnegobec NO ENTREGA for
243,0.0, PatriaPrimeroEc CNE aprueba entrega de formularios para recoleccin de firmas para eliminar el CPCCS El mismo cnegobec NO ENTREGA
244,0.0, PatriaPrimeroEc CNE aprueba entrega de formularios para recoleccin de firmas para eliminar el CPCCS El mismo cnegobec NO ENTREGA
245,0.0, Infinitum01 CNE aprueba entrega de formularios para recoleccin de firmas para eliminar el CPCCS El mismo cnegobec NO ENTREGA for
246,0.0, Infinitum01 CNE aprueba entrega de formularios para recoleccin de firmas para eliminar el CPCCS El mismo cnegobec NO ENTREGA for
247,0.0, PatriaPrimeroEc CNE aprueba entrega de formularios para recoleccin de firmas para eliminar el CPCCS El mismo cnegobec NO ENTREGA
248,0.0, PatriaPrimeroEc CNE aprueba entrega de formularios para recoleccin de firmas para eliminar el CPCCS El mismo cnegobec NO ENTREGA
249,0.0, PatriaPrimeroEc CNE aprueba entrega de formularios para recoleccin de firmas para eliminar el CPCCS El mismo cnegobec NO ENTREGA
250,0.0, PatriaPrimeroEc CNE aprueba entrega de formularios para recoleccin de firmas para eliminar el CPCCS El mismo cnegobec NO ENTREGA
251,0.0, PatriaPrimeroEc CNE aprueba entrega de formularios para recoleccin de firmas para eliminar el CPCCS El mismo cnegobec NO ENTREGA
252,0.0, PatriaPrimeroEc CNE aprueba entrega de formularios para recoleccin de firmas para eliminar el CPCCS El mismo cnegobec NO ENTREGA
253,0.0, PatriaPrimeroEc CNE aprueba entrega de formularios para recoleccin de firmas para eliminar el CPCCS El mismo cnegobec NO ENTREGA
254,0.0, PatriaPrimeroEc CNE aprueba entrega de formularios para recoleccin de firmas para eliminar el CPCCS El mismo cnegobec NO ENTREGA
255,0.0, PatriaPrimeroEc CNE aprueba entrega de formularios para recoleccin de firmas para eliminar el CPCCS El mismo cnegobec NO ENTREGA
256,0.0, PatriaPrimeroEc CNE aprueba entrega de formularios para recoleccin de firmas para eliminar el CPCCS El mismo cnegobec NO ENTREGA
257,0.0, PatriaPrimeroEc CNE aprueba entrega de formularios para recoleccin de firmas para eliminar el CPCCS El mismo cnegobec NO ENTREGA
258,0.0, PatriaPrimeroEc CNE aprueba entrega de formularios para recoleccin de firmas para eliminar el CPCCS El mismo cnegobec NO ENTREGA
259,0.0, PatriaPrimeroEc CNE aprueba entrega de formularios para recoleccin de firmas para eliminar el CPCCS El mismo cnegobec NO ENTREGA
260,0.0, PatriaPrimeroEc CNE aprueba entrega de formularios para recoleccin de firmas para eliminar el CPCCS El mismo cnegobec NO ENTREGA
261,0.0, PatriaPrimeroEc CNE aprueba entrega de formularios para recoleccin de firmas para eliminar el CPCCS El mismo cnegobec NO ENTREGA
262,0.0, Infinitum01 CNE aprueba entrega de formularios para recoleccin de firmas para eliminar el CPCCS El mismo cnegobec NO ENTREGA for
263,0.0, PatriaPrimeroEc CNE aprueba entrega de formularios para recoleccin de firmas para eliminar el CPCCS El mismo cnegobec NO ENTREGA
264,0.0, PatriaPrimeroEc CNE aprueba entrega de formularios para recoleccin de firmas para eliminar el CPCCS El mismo cnegobec NO ENTREGA
265,0.0, PatriaPrimeroEc CNE aprueba entrega de formularios para recoleccin de firmas para eliminar el CPCCS El mismo cnegobec NO ENTREGA
266,0.0, PatriaPrimeroEc CNE aprueba entrega de formularios para recoleccin de firmas para eliminar el CPCCS El mismo cnegobec NO ENTREGA
267,0.0, PatriaPrimeroEc CNE aprueba entrega de formularios para recoleccin de firmas para eliminar el CPCCS El mismo cnegobec NO ENTREGA
268,0.0, Infinitum01 CNE aprueba entrega de formularios para recoleccin de firmas para eliminar el CPCCS El mismo cnegobec NO ENTREGA for
269,0.0, VerdugaAbraham Ahora ya nadie habla del renovado CPCCS Ser que la purga funcionQuin decide cuando expira la coyuntura
270,0.0, PatriaPrimeroEc CNE aprueba entrega de formularios para recoleccin de firmas para eliminar el CPCCS El mismo cnegobec NO ENTREGA
271,0.0, PatriaPrimeroEc CNE aprueba entrega de formularios para recoleccin de firmas para eliminar el CPCCS El mismo cnegobec NO ENTREGA
272,0.0, PatriaPrimeroEc CNE aprueba entrega de formularios para recoleccin de firmas para eliminar el CPCCS El mismo cnegobec NO ENTREGA
273,0.0, Infinitum01 CNE aprueba entrega de formularios para recoleccin de firmas para eliminar el CPCCS El mismo cnegobec NO ENTREGA for
274,0.0, PatriaPrimeroEc CNE aprueba entrega de formularios para recoleccin de firmas para eliminar el CPCCS El mismo cnegobec NO ENTREGA
275,0.0, Infinitum01 CNE aprueba entrega de formularios para recoleccin de firmas para eliminar el CPCCS El mismo cnegobec NO ENTREGA for
276,0.0, Infinitum01 CNE aprueba entrega de formularios para recoleccin de firmas para eliminar el CPCCS El mismo cnegobec NO ENTREGA for
277,0.0, Infinitum01 CNE aprueba entrega de formularios para recoleccin de firmas para eliminar el CPCCS El mismo cnegobec NO ENTREGA for
278,0.0, PatriaPrimeroEc CNE aprueba entrega de formularios para recoleccin de firmas para eliminar el CPCCS El mismo cnegobec NO ENTREGA
279,0.0, PatriaPrimeroEc CNE aprueba entrega de formularios para recoleccin de firmas para eliminar el CPCCS El mismo cnegobec NO ENTREGA
280,0.0, PatriaPrimeroEc CNE aprueba entrega de formularios para recoleccin de firmas para eliminar el CPCCS El mismo cnegobec NO ENTREGA
281,0.0, PatriaPrimeroEc CNE aprueba entrega de formularios para recoleccin de firmas para eliminar el CPCCS El mismo cnegobec NO ENTREGA
282,0.0, PatriaPrimeroEc CNE aprueba entrega de formularios para recoleccin de firmas para eliminar el CPCCS El mismo cnegobec NO ENTREGA
283,0.0, Infinitum01 CNE aprueba entrega de formularios para recoleccin de firmas para eliminar el CPCCS El mismo cnegobec NO ENTREGA for
284,0.0, Infinitum01 CNE aprueba entrega de formularios para recoleccin de firmas para eliminar el CPCCS El mismo cnegobec NO ENTREGA for
285,0.0, Infinitum01 CNE aprueba entrega de formularios para recoleccin de firmas para eliminar el CPCCS El mismo cnegobec NO ENTREGA for
286,0.016666666666666666, CPCCS Christian Cruz ChristianCruzLa es elegido como nuevo presidente del Consejo de Participacin Ciudadana y Control Social CPC
287,0.0, VerdugaAbraham Ahora ya nadie habla del renovado CPCCS Ser que la purga funcionQuin decide cuando expira la coyuntura
288,0.0, PatriaPrimeroEc CNE aprueba entrega de formularios para recoleccin de firmas para eliminar el CPCCS El mismo cnegobec NO ENTREGA
289,0.0, Jeanninecruzz Ante el pleno del la AsambleaEcuador presento la mocin para la CENSURA y DESTITUCIN de 4 Consejeros del CPCCS Ture
290,0.0, Infinitum01 CNE aprueba entrega de formularios para recoleccin de firmas para eliminar el CPCCS El mismo cnegobec NO ENTREGA for
291,0.0, Infinitum01 CNE aprueba entrega de formularios para recoleccin de firmas para eliminar el CPCCS El mismo cnegobec NO ENTREGA for
292,0.0, PatriaPrimeroEc CNE aprueba entrega de formularios para recoleccin de firmas para eliminar el CPCCS El mismo cnegobec NO ENTREGA
293,0.0, Infinitum01 CNE aprueba entrega de formularios para recoleccin de firmas para eliminar el CPCCS El mismo cnegobec NO ENTREGA for
294,0.0, Infinitum01 CNE aprueba entrega de formularios para recoleccin de firmas para eliminar el CPCCS El mismo cnegobec NO ENTREGA for
295,0.0, Infinitum01 CNE aprueba entrega de formularios para recoleccin de firmas para eliminar el CPCCS El mismo cnegobec NO ENTREGA for
296,0.0, PatriaPrimeroEc CNE aprueba entrega de formularios para recoleccin de firmas para eliminar el CPCCS El mismo cnegobec NO ENTREGA
297,0.0, PatriaPrimeroEc CNE aprueba entrega de formularios para recoleccin de firmas para eliminar el CPCCS El mismo cnegobec NO ENTREGA
298,0.0, Infinitum01 CNE aprueba entrega de formularios para recoleccin de firmas para eliminar el CPCCS El mismo cnegobec NO ENTREGA for
299,0.0, Infinitum01 CNE aprueba entrega de formularios para recoleccin de firmas para eliminar el CPCCS El mismo cnegobec NO ENTREGA for
300,0.0, Infinitum01 CNE aprueba entrega de formularios para recoleccin de firmas para eliminar el CPCCS El mismo cnegobec NO ENTREGA for
301,0.0, Infinitum01 CNE aprueba entrega de formularios para recoleccin de firmas para eliminar el CPCCS El mismo cnegobec NO ENTREGA for
302,0.0, Infinitum01 CNE aprueba entrega de formularios para recoleccin de firmas para eliminar el CPCCS El mismo cnegobec NO ENTREGA for
303,0.0, Infinitum01 CNE aprueba entrega de formularios para recoleccin de firmas para eliminar el CPCCS El mismo cnegobec NO ENTREGA for
304,0.0, Infinitum01 CNE aprueba entrega de formularios para recoleccin de firmas para eliminar el CPCCS El mismo cnegobec NO ENTREGA for
305,0.0, Infinitum01 CNE aprueba entrega de formularios para recoleccin de firmas para eliminar el CPCCS El mismo cnegobec NO ENTREGA for
306,0.0, PatriaPrimeroEc CNE aprueba entrega de formularios para recoleccin de firmas para eliminar el CPCCS El mismo cnegobec NO ENTREGA
307,0.0, Infinitum01 CNE aprueba entrega de formularios para recoleccin de firmas para eliminar el CPCCS El mismo cnegobec NO ENTREGA for
308,0.0, Infinitum01 CNE aprueba entrega de formularios para recoleccin de firmas para eliminar el CPCCS El mismo cnegobec NO ENTREGA for
309,0.016666666666666666, CPCCS Christian Cruz ChristianCruzLa es elegido como nuevo presidente del Consejo de Participacin Ciudadana y Control Social CPC
310,0.0, PatriaPrimeroEc CNE aprueba entrega de formularios para recoleccin de firmas para eliminar el CPCCS El mismo cnegobec NO ENTREGA
311,0.0, CPCCS Presidente del CPCCS ChristianCruzLa junto a la consejera IbethEstupinan asisten a la sesin solemne en conmemoracin de los
312,0.0, CPCCS El presidente del CPCCS ChristianCruzLa invita a los medidos de comunicacin a la rueda de prensa este 22 de agosto de 2019
313,0.0, CPCCS El presidente del CPCCS ChristianCruzLa se reuni con las consejeras y consejeros para delinear la hoja de ruta de la institu
314,0.0, CPCCS BOLETN Ingeniero Christian Cruz nuevo presidente del CPCCS Detalles en el enlace
315,0.0, CPCCS A esta ahora con la lectura del orden del da se da inicio a la Sesin del Pleno del CPCCS Sguela a travs de
316,0.0, PatriaPrimeroEc CNE aprueba entrega de formularios para recoleccin de firmas para eliminar el CPCCS El mismo cnegobec NO ENTREGA
317,0.0, PatriaPrimeroEc CNE aprueba entrega de formularios para recoleccin de firmas para eliminar el CPCCS El mismo cnegobec NO ENTREGA
318,0.0, TMT30 Christian Cruz presidente del CPCCS anuncia la recuperacin del presupuesto y un diagnstico integral al Consejo para fisca
319,0.0, EcuavisaInforma Recuperar el presupuesto del CPCCS y elaborar un diagnstico integral dentro del Consejo para fiscalizar las causas
320,0.0, Expresoec El nuevo presidente del CPCCS Christian Cruz ofreci su primera rueda de prensa
321,0.03333333333333333, CPCCS Sofa Almeida SofiaAlmeidaEc es elegida como vicepresidenta del Consejo de Participacin Ciudadana y Control Social CPCCS
322,0.0, CPCCS Vamos a defender la democracia y la participacin ciudadana construiremos un lenguaje diferente con acciones no solo con palab
323,0.0, Infinitum01 CNE aprueba entrega de formularios para recoleccin de firmas para eliminar el CPCCS El mismo cnegobec NO ENTREGA for
324,0.0, Infinitum01 CNE aprueba entrega de formularios para recoleccin de firmas para eliminar el CPCCS El mismo cnegobec NO ENTREGA for
325,0.0, CPCCS Activaremos todos los mecanismos de participacin ciudadana y activaremos 149 convenios en beneficio de los ciudadanos y la ins
326,0.0, CPCCS El CPCCS nos permite transformar la democracia y con la voluntad ciudadana podemos servir a todos los ecuatorianos Christia
327,0.0, CPCCS Presidente del CPCCS ChristianCruzLa responde las inquietudes del los medios de comunicacin durante rueda de prensa s
328,0.0, CPCCS Todos los entes del Estado debemos articularnos en beneficio de todos los ecuatorianos ChristianCruzLa CPCCS
329,0.0, CPCCS Inicia rueda de prensa con ChristianCruzLa Presidente del CPCCS y medios de comunicacin en las instalaciones del organismo
330,0.0, CPCCS Acompanos en el dialogo que mantendr ChristianCruzLa presidente del CPCCS con RADIOAMERICAEC y CentroEcuador este marte
331,0.0, CPCCS CristianCruzLa presidente del CPCCS fue invitado a un evento de la Comunidad Cristiana reunida en Quito este lunes 26 de agos
332,0.0, CPCCS ENTREVISTA El presidente del CPCCS ChristianCruzLa mantendr dilogo en ContactoDirecto por la seal de ecuavisa Aco
333,0.0, CPCCS En un ritual ancestral realizado por los Taytas y Mamas de Cotopaxi e Imbabura ChristianCruzLa presidente del CPCCS recibi
334,0.0, Infinitum01 CNE aprueba entrega de formularios para recoleccin de firmas para eliminar el CPCCS El mismo cnegobec NO ENTREGA for
335,0.0, Infinitum01 CNE aprueba entrega de formularios para recoleccin de firmas para eliminar el CPCCS El mismo cnegobec NO ENTREGA for
336,0.0, PatriaPrimeroEc CNE aprueba entrega de formularios para recoleccin de firmas para eliminar el CPCCS El mismo cnegobec NO ENTREGA
337,0.0, Infinitum01 CNE aprueba entrega de formularios para recoleccin de firmas para eliminar el CPCCS El mismo cnegobec NO ENTREGA for
338,0.0, Infinitum01 CNE aprueba entrega de formularios para recoleccin de firmas para eliminar el CPCCS El mismo cnegobec NO ENTREGA for
339,0.0, Infinitum01 CNE aprueba entrega de formularios para recoleccin de firmas para eliminar el CPCCS El mismo cnegobec NO ENTREGA for
340,0.0, PatriaPrimeroEc CNE aprueba entrega de formularios para recoleccin de firmas para eliminar el CPCCS El mismo cnegobec NO ENTREGA
341,0.0, Infinitum01 CNE aprueba entrega de formularios para recoleccin de firmas para eliminar el CPCCS El mismo cnegobec NO ENTREGA for
342,0.0, PatriaPrimeroEc CNE aprueba entrega de formularios para recoleccin de firmas para eliminar el CPCCS El mismo cnegobec NO ENTREGA
343,0.0, PatriaPrimeroEc CNE aprueba entrega de formularios para recoleccin de firmas para eliminar el CPCCS El mismo cnegobec NO ENTREGA
344,0.0, PatriaPrimeroEc CNE aprueba entrega de formularios para recoleccin de firmas para eliminar el CPCCS El mismo cnegobec NO ENTREGA
345,0.0, PatriaPrimeroEc CNE aprueba entrega de formularios para recoleccin de firmas para eliminar el CPCCS El mismo cnegobec NO ENTREGA
346,0.0, Infinitum01 CNE aprueba entrega de formularios para recoleccin de firmas para eliminar el CPCCS El mismo cnegobec NO ENTREGA for
347,0.0, PatriaPrimeroEc CNE aprueba entrega de formularios para recoleccin de firmas para eliminar el CPCCS El mismo cnegobec NO ENTREGA
348,0.0, PatriaPrimeroEc CNE aprueba entrega de formularios para recoleccin de firmas para eliminar el CPCCS El mismo cnegobec NO ENTREGA
349,0.0, Infinitum01 CNE aprueba entrega de formularios para recoleccin de firmas para eliminar el CPCCS El mismo cnegobec NO ENTREGA for
350,0.0, PatriaPrimeroEc CNE aprueba entrega de formularios para recoleccin de firmas para eliminar el CPCCS El mismo cnegobec NO ENTREGA
351,0.0, PatriaPrimeroEc CNE aprueba entrega de formularios para recoleccin de firmas para eliminar el CPCCS El mismo cnegobec NO ENTREGA
352,0.0,CNE aprueba entrega de formularios para recoleccin de firmas para eliminar el CPCCS El mismo cnegobec NO ENTR
353,0.0, Infinitum01 CNE aprueba entrega de formularios para recoleccin de firmas para eliminar el CPCCS El mismo cnegobec NO ENTREGA for
354,0.0, Infinitum01 CNE aprueba entrega de formularios para recoleccin de firmas para eliminar el CPCCS El mismo cnegobec NO ENTREGA for
355,0.0, Infinitum01 CNE aprueba entrega de formularios para recoleccin de firmas para eliminar el CPCCS El mismo cnegobec NO ENTREGA for
356,0.0, CPCCS Azuay La delegacin del CPCCS realiz acompaamiento tcnico a 61 GADs parroquiales en la provincia del Azuay sobre Presupue
357,0.0, CPCCS Azuay La delegacin del CPCCS acompa tcnicamente para la conformacin de la Asamblea Local Ciudadana en la parroquia Rica
358,0.0, CPCCS StoDomingo La delegacin del CPCCS inici capacitacin a travs de la Escuela de Formacin Ciudadana a lderes de Asambleas
359,0.0, CPCCS Tungurahua La delegacin del CPCCS brind acompaamiento tcnico en la segunda asamblea de Presupuesto Participativo 2020 a
360,0.03333333333333333, CPCCS ZamoraCh La delegacin del CPCCS capacit a ciudadanos del cantn Yacuambi sobre Mecanismos de Control Social y actos de Cor
361,0.0, CPCCS Orellana Delegacin del CPCCS acompa a miembros de la AsambleasCiudadanas y organizaciones sociales en la priorizacin d
362,0.0, CPCCS Chimborazo La delegacin del CPCCS facilit taller sobre funciones de la Asamblea Local Ciudadana en el cantn Guano s
363,0.0, Infinitum01 CNE aprueba entrega de formularios para recoleccin de firmas para eliminar el CPCCS El mismo cnegobec NO ENTREGA for
364,0.0, Infinitum01 CNE aprueba entrega de formularios para recoleccin de firmas para eliminar el CPCCS El mismo cnegobec NO ENTREGA for
365,0.0, Infinitum01 CNE aprueba entrega de formularios para recoleccin de firmas para eliminar el CPCCS El mismo cnegobec NO ENTREGA for
366,0.0, Infinitum01 CNE aprueba entrega de formularios para recoleccin de firmas para eliminar el CPCCS El mismo cnegobec NO ENTREGA for
367,0.0, CPCCS En un ritual ancestral realizado por los Taytas y Mamas de Cotopaxi e Imbabura ChristianCruzLa presidente del CPCCS recibi
368,0.0, Infinitum01 CNE aprueba entrega de formularios para recoleccin de firmas para eliminar el CPCCS El mismo cnegobec NO ENTREGA for
369,0.0, SofiaAlmeidaEc Vamos a trabajar apegados a la ley y siempre con dos ejes principales la participacin ciudadana y la lucha contra la
370,0.0, Infinitum01 CNE aprueba entrega de formularios para recoleccin de firmas para eliminar el CPCCS El mismo cnegobec NO ENTREGA for
371,0.0, CPCCS En un ritual ancestral realizado por los Taytas y Mamas de Cotopaxi e Imbabura ChristianCruzLa presidente del CPCCS recibi
372,0.0, Infinitum01 CNE aprueba entrega de formularios para recoleccin de firmas para eliminar el CPCCS El mismo cnegobec NO ENTREGA for
373,0.0, CPCCS En un ritual ancestral realizado por los Taytas y Mamas de Cotopaxi e Imbabura ChristianCruzLa presidente del CPCCS recibi
374,0.0, CPCCS ChristianCruzLa presidente del CPCCS recibi el bastn de mando por parte de Fernando Simbaa presidente de FENOSE Mientras
375,0.0, CPCCS ChristianCruzla presidente del CPCCS agradeci a las organizaciones sociales campesinas e indgenas por transmitirle estas n
376,0.0, Infinitum01 CNE aprueba entrega de formularios para recoleccin de firmas para eliminar el CPCCS El mismo cnegobec NO ENTREGA for
377,0.0, Infinitum01 CNE aprueba entrega de formularios para recoleccin de firmas para eliminar el CPCCS El mismo cnegobec NO ENTREGA for
378,0.0, Infinitum01 CNE aprueba entrega de formularios para recoleccin de firmas para eliminar el CPCCS El mismo cnegobec NO ENTREGA for
379,0.0, LEXKANDER Ya le cacharon NoCmo ahora el CPCCS ya no investigar las atrocidades de Trujillo y del estado ya no es noticiaCm
380,0.0, Infinitum01 CNE aprueba entrega de formularios para recoleccin de firmas para eliminar el CPCCS El mismo cnegobec NO ENTREGA for
381,0.0, Infinitum01 CNE aprueba entrega de formularios para recoleccin de firmas para eliminar el CPCCS El mismo cnegobec NO ENTREGA for
382,0.0, Infinitum01 CNE aprueba entrega de formularios para recoleccin de firmas para eliminar el CPCCS El mismo cnegobec NO ENTREGA for
383,0.0, Infinitum01 CNE aprueba entrega de formularios para recoleccin de firmas para eliminar el CPCCS El mismo cnegobec NO ENTREGA for
384,0.0, VerdugaAbraham Ahora ya nadie habla del renovado CPCCS Ser que la purga funcionQuin decide cuando expira la coyuntura
385,0.0, Infinitum01 CNE aprueba entrega de formularios para recoleccin de firmas para eliminar el CPCCS El mismo cnegobec NO ENTREGA for
386,0.0, Infinitum01 CNE aprueba entrega de formularios para recoleccin de firmas para eliminar el CPCCS El mismo cnegobec NO ENTREGA for
387,0.0,ChristianCruzla presidente del CPCCS agradeci a las organizaciones sociales campesinas e indgenas por transmi
388,0.0,ChristianCruzLa presidente del CPCCS recibi el bastn de mando por parte de Fernando Simbaa presidente de FENO
389,0.0,En un ritual ancestral realizado por los Taytas y Mamas de Cotopaxi e Imbabura ChristianCruzLa presidente del
390,0.0, Infinitum01 CNE aprueba entrega de formularios para recoleccin de firmas para eliminar el CPCCS El mismo cnegobec NO ENTREGA for
391,0.0, LEXKANDER Ya le cacharon NoCmo ahora el CPCCS ya no investigar las atrocidades de Trujillo y del estado ya no es noticiaCm
392,0.0, Infinitum01 CNE aprueba entrega de formularios para recoleccin de firmas para eliminar el CPCCS El mismo cnegobec NO ENTREGA for
393,0.0, Infinitum01 CNE aprueba entrega de formularios para recoleccin de firmas para eliminar el CPCCS El mismo cnegobec NO ENTREGA for
394,0.0, Infinitum01 CNE aprueba entrega de formularios para recoleccin de firmas para eliminar el CPCCS El mismo cnegobec NO ENTREGA for
395,0.0, Infinitum01 CNE aprueba entrega de formularios para recoleccin de firmas para eliminar el CPCCS El mismo cnegobec NO ENTREGA for
396,0.0, Infinitum01 CNE aprueba entrega de formularios para recoleccin de firmas para eliminar el CPCCS El mismo cnegobec NO ENTREGA for
397,0.0, Infinitum01 CNE aprueba entrega de formularios para recoleccin de firmas para eliminar el CPCCS El mismo cnegobec NO ENTREGA for
398,0.0, Infinitum01 CNE aprueba entrega de formularios para recoleccin de firmas para eliminar el CPCCS El mismo cnegobec NO ENTREGA for
399,0.0, Infinitum01 CNE aprueba entrega de formularios para recoleccin de firmas para eliminar el CPCCS El mismo cnegobec NO ENTREGA for
400,0.0, CPCCS Orellana Delegacin del CPCCS acompa a miembros de la AsambleasCiudadanas y organizaciones sociales en la priorizacin d
401,0.0, Expresoec El movimiento AHORA no se unir a la propuesta del Comit por la Institucionalizacin Democrtica Habrn dos planteamientos
402,0.0, Expresoec El movimiento AHORA no se unir a la propuesta del Comit por la Institucionalizacin Democrtica Habrn dos planteamientos
403,0.0, CPCCS Orellana Delegacin del CPCCS acompa a miembros de la AsambleasCiudadanas y organizaciones sociales en la priorizacin d
404,0.0, Infinitum01 CNE aprueba entrega de formularios para recoleccin de firmas para eliminar el CPCCS El mismo cnegobec NO ENTREGA for
405,0.0, Infinitum01 CNE aprueba entrega de formularios para recoleccin de firmas para eliminar el CPCCS El mismo cnegobec NO ENTREGA for
406,0.0, Infinitum01 CNE aprueba entrega de formularios para recoleccin de firmas para eliminar el CPCCS El mismo cnegobec NO ENTREGA for
407,0.0, Infinitum01 CNE aprueba entrega de formularios para recoleccin de firmas para eliminar el CPCCS El mismo cnegobec NO ENTREGA for
408,0.0, Infinitum01 CNE aprueba entrega de formularios para recoleccin de firmas para eliminar el CPCCS El mismo cnegobec NO ENTREGA for
409,0.0,Desconectarse es necesario ms an en este convulso trabajo buenas tarde y hasta maana una interesante conver
410,0.0, Infinitum01 CNE aprueba entrega de formularios para recoleccin de firmas para eliminar el CPCCS El mismo cnegobec NO ENTREGA for
411,0.0, Infinitum01 CNE aprueba entrega de formularios para recoleccin de firmas para eliminar el CPCCS El mismo cnegobec NO ENTREGA for
412,0.0, CPCCS Tungurahua La delegacin del CPCCS brind acompaamiento tcnico en la segunda asamblea de Presupuesto Participativo 2020 a
413,0.0, CPCCS Azuay La delegacin del CPCCS realiz acompaamiento tcnico a 61 GADs parroquiales en la provincia del Azuay sobre Presupue
414,0.0, CPCCS Azuay La delegacin del CPCCS acompa tcnicamente para la conformacin de la Asamblea Local Ciudadana en la parroquia Rica
415,0.0, CPCCS StoDomingo La delegacin del CPCCS inici capacitacin a travs de la Escuela de Formacin Ciudadana a lderes de Asambleas
416,0.0, CPCCS Orellana Delegacin del CPCCS acompa a dirigentes del cantn La Joya de los Sachas en la priorizacin del gasto del Presu
417,0.03333333333333333, CPCCS ZamoraCh La delegacin del CPCCS capacit a ciudadanos del cantn Yacuambi sobre Mecanismos de Control Social y actos de Cor
418,0.0, CPCCS Chimborazo La delegacin del CPCCS facilit taller sobre funciones de la Asamblea Local Ciudadana en el cantn Guano s
419,0.0, CPCCS Orellana Delegacin del CPCCS acompa a miembros de la AsambleasCiudadanas y organizaciones sociales en la priorizacin d
420,0.0, Infinitum01 CNE aprueba entrega de formularios para recoleccin de firmas para eliminar el CPCCS El mismo cnegobec NO ENTREGA for
421,0.0, LEXKANDER Ya le cacharon NoCmo ahora el CPCCS ya no investigar las atrocidades de Trujillo y del estado ya no es noticiaCm
422,0.0, Infinitum01 CNE aprueba entrega de formularios para recoleccin de firmas para eliminar el CPCCS El mismo cnegobec NO ENTREGA for
423,0.0, Infinitum01 CNE aprueba entrega de formularios para recoleccin de firmas para eliminar el CPCCS El mismo cnegobec NO ENTREGA for
424,0.0, Infinitum01 CNE aprueba entrega de formularios para recoleccin de firmas para eliminar el CPCCS El mismo cnegobec NO ENTREGA for
425,0.0, Infinitum01 CNE aprueba entrega de formularios para recoleccin de firmas para eliminar el CPCCS El mismo cnegobec NO ENTREGA for
426,0.0, Infinitum01 CNE aprueba entrega de formularios para recoleccin de firmas para eliminar el CPCCS El mismo cnegobec NO ENTREGA for
427,0.0, Infinitum01 CNE aprueba entrega de formularios para recoleccin de firmas para eliminar el CPCCS El mismo cnegobec NO ENTREGA for
428,0.0, Infinitum01 CNE aprueba entrega de formularios para recoleccin de firmas para eliminar el CPCCS El mismo cnegobec NO ENTREGA for
429,0.0, Infinitum01 CNE aprueba entrega de formularios para recoleccin de firmas para eliminar el CPCCS El mismo cnegobec NO ENTREGA for
430,0.0, LEXKANDER Ya le cacharon NoCmo ahora el CPCCS ya no investigar las atrocidades de Trujillo y del estado ya no es noticiaCm
431,0.0, Infinitum01 CNE aprueba entrega de formularios para recoleccin de firmas para eliminar el CPCCS El mismo cnegobec NO ENTREGA for
432,0.0, Infinitum01 CNE aprueba entrega de formularios para recoleccin de firmas para eliminar el CPCCS El mismo cnegobec NO ENTREGA for
433,0.0, CPCCS Tungurahua CPCCS facilit apoyo tcnico para la conformacin del Consejo de Planificacin a los miembros del GAD parroquial
434,0.0, CPCCS Tungurahua La delegacin del CPCCS acompa y brind asistencia tcnica en la eleccin y posesin de los representantes del
435,0.0, CPCCS Tungurahua La delegacin del CPCCS brind acompaamiento tcnico en la segunda asamblea de Presupuesto Participativo 2020 a
436,0.0, Infinitum01 CNE aprueba entrega de formularios para recoleccin de firmas para eliminar el CPCCS El mismo cnegobec NO ENTREGA for
437,0.0, Infinitum01 CNE aprueba entrega de formularios para recoleccin de firmas para eliminar el CPCCS El mismo cnegobec NO ENTREGA for
438,0.0, Infinitum01 CNE aprueba entrega de formularios para recoleccin de firmas para eliminar el CPCCS El mismo cnegobec NO ENTREGA for
439,0.0, Infinitum01 CNE aprueba entrega de formularios para recoleccin de firmas para eliminar el CPCCS El mismo cnegobec NO ENTREGA for
440,0.0, Infinitum01 CNE aprueba entrega de formularios para recoleccin de firmas para eliminar el CPCCS El mismo cnegobec NO ENTREGA for
441,0.0, Infinitum01 CNE aprueba entrega de formularios para recoleccin de firmas para eliminar el CPCCS El mismo cnegobec NO ENTREGA for
442,0.0, Infinitum01 CNE aprueba entrega de formularios para recoleccin de firmas para eliminar el CPCCS El mismo cnegobec NO ENTREGA for
443,0.0, Infinitum01 CNE aprueba entrega de formularios para recoleccin de firmas para eliminar el CPCCS El mismo cnegobec NO ENTREGA for
444,0.0, Infinitum01 CNE aprueba entrega de formularios para recoleccin de firmas para eliminar el CPCCS El mismo cnegobec NO ENTREGA for
445,0.0, Infinitum01 CNE aprueba entrega de formularios para recoleccin de firmas para eliminar el CPCCS El mismo cnegobec NO ENTREGA for
446,0.0, Infinitum01 CNE aprueba entrega de formularios para recoleccin de firmas para eliminar el CPCCS El mismo cnegobec NO ENTREGA for
447,0.0, EcuavisaInforma AHORA El Pleno del CNE aprueba la solicitud para recolectar firmas para la eliminacin del Consejo de Participacin
448,0.0, Infinitum01 CNE aprueba entrega de formularios para recoleccin de firmas para eliminar el CPCCS El mismo cnegobec NO ENTREGA for
449,0.0, Infinitum01 CNE aprueba entrega de formularios para recoleccin de firmas para eliminar el CPCCS El mismo cnegobec NO ENTREGA for
450,0.0, Infinitum01 CNE aprueba entrega de formularios para recoleccin de firmas para eliminar el CPCCS El mismo cnegobec NO ENTREGA for
451,0.0, Infinitum01 CNE aprueba entrega de formularios para recoleccin de firmas para eliminar el CPCCS El mismo cnegobec NO ENTREGA for
452,0.0, Infinitum01 CNE aprueba entrega de formularios para recoleccin de firmas para eliminar el CPCCS El mismo cnegobec NO ENTREGA for
453,0.0, Infinitum01 CNE aprueba entrega de formularios para recoleccin de firmas para eliminar el CPCCS El mismo cnegobec NO ENTREGA for
454,0.0, Infinitum01 CNE aprueba entrega de formularios para recoleccin de firmas para eliminar el CPCCS El mismo cnegobec NO ENTREGA for
455,0.0, LEXKANDER Ya le cacharon NoCmo ahora el CPCCS ya no investigar las atrocidades de Trujillo y del estado ya no es noticiaCm
456,0.0, Infinitum01 CNE aprueba entrega de formularios para recoleccin de firmas para eliminar el CPCCS El mismo cnegobec NO ENTREGA for
457,0.0, Infinitum01 CNE aprueba entrega de formularios para recoleccin de firmas para eliminar el CPCCS El mismo cnegobec NO ENTREGA for
458,0.0, Infinitum01 CNE aprueba entrega de formularios para recoleccin de firmas para eliminar el CPCCS El mismo cnegobec NO ENTREGA for
459,0.0, Infinitum01 CNE aprueba entrega de formularios para recoleccin de firmas para eliminar el CPCCS El mismo cnegobec NO ENTREGA for
460,0.0, Infinitum01 CNE aprueba entrega de formularios para recoleccin de firmas para eliminar el CPCCS El mismo cnegobec NO ENTREGA for
461,0.0, Infinitum01 CNE aprueba entrega de formularios para recoleccin de firmas para eliminar el CPCCS El mismo cnegobec NO ENTREGA for
462,0.0, Infinitum01 CNE aprueba entrega de formularios para recoleccin de firmas para eliminar el CPCCS El mismo cnegobec NO ENTREGA for
463,0.0, Infinitum01 CNE aprueba entrega de formularios para recoleccin de firmas para eliminar el CPCCS El mismo cnegobec NO ENTREGA for
464,0.0, Infinitum01 CNE aprueba entrega de formularios para recoleccin de firmas para eliminar el CPCCS El mismo cnegobec NO ENTREGA for
465,0.0, Infinitum01 CNE aprueba entrega de formularios para recoleccin de firmas para eliminar el CPCCS El mismo cnegobec NO ENTREGA for
466,0.0, Infinitum01 CNE aprueba entrega de formularios para recoleccin de firmas para eliminar el CPCCS El mismo cnegobec NO ENTREGA for
467,0.0, Infinitum01 CNE aprueba entrega de formularios para recoleccin de firmas para eliminar el CPCCS El mismo cnegobec NO ENTREGA for
468,0.0, Expresoec El movimiento AHORA no se unir a la propuesta del Comit por la Institucionalizacin Democrtica Habrn dos planteamientos
469,0.0, LEXKANDER Ya le cacharon NoCmo ahora el CPCCS ya no investigar las atrocidades de Trujillo y del estado ya no es noticiaCm
470,0.0, Infinitum01 CNE aprueba entrega de formularios para recoleccin de firmas para eliminar el CPCCS El mismo cnegobec NO ENTREGA for
471,0.0, LEXKANDER Ya le cacharon NoCmo ahora el CPCCS ya no investigar las atrocidades de Trujillo y del estado ya no es noticiaCm
472,0.0, Infinitum01 CNE aprueba entrega de formularios para recoleccin de firmas para eliminar el CPCCS El mismo cnegobec NO ENTREGA for
473,0.0, Infinitum01 CNE aprueba entrega de formularios para recoleccin de firmas para eliminar el CPCCS El mismo cnegobec NO ENTREGA for
474,0.0, Infinitum01 CNE aprueba entrega de formularios para recoleccin de firmas para eliminar el CPCCS El mismo cnegobec NO ENTREGA for
475,0.0, Infinitum01 CNE aprueba entrega de formularios para recoleccin de firmas para eliminar el CPCCS El mismo cnegobec NO ENTREGA for
476,0.0, Infinitum01 CNE aprueba entrega de formularios para recoleccin de firmas para eliminar el CPCCS El mismo cnegobec NO ENTREGA for
477,0.0, Infinitum01 CNE aprueba entrega de formularios para recoleccin de firmas para eliminar el CPCCS El mismo cnegobec NO ENTREGA for
478,0.0, LEXKANDER Ya le cacharon NoCmo ahora el CPCCS ya no investigar las atrocidades de Trujillo y del estado ya no es noticiaCm
479,0.0, Infinitum01 CNE aprueba entrega de formularios para recoleccin de firmas para eliminar el CPCCS El mismo cnegobec NO ENTREGA for
480,0.0, LEXKANDER Ya le cacharon NoCmo ahora el CPCCS ya no investigar las atrocidades de Trujillo y del estado ya no es noticiaCm
481,0.0, Infinitum01 CNE aprueba entrega de formularios para recoleccin de firmas para eliminar el CPCCS El mismo cnegobec NO ENTREGA for
482,0.0, LEXKANDER Ya le cacharon NoCmo ahora el CPCCS ya no investigar las atrocidades de Trujillo y del estado ya no es noticiaCm
483,0.0, Infinitum01 CNE aprueba entrega de formularios para recoleccin de firmas para eliminar el CPCCS El mismo cnegobec NO ENTREGA for
484,0.0, Infinitum01 CNE aprueba entrega de formularios para recoleccin de firmas para eliminar el CPCCS El mismo cnegobec NO ENTREGA for
485,0.0, Infinitum01 CNE aprueba entrega de formularios para recoleccin de firmas para eliminar el CPCCS El mismo cnegobec NO ENTREGA for
486,0.0, CPCCS Tungurahua La delegacin del CPCCS brind acompaamiento tcnico en la segunda asamblea de Presupuesto Participativo 2020 a
487,0.0, Infinitum01 CNE aprueba entrega de formularios para recoleccin de firmas para eliminar el CPCCS El mismo cnegobec NO ENTREGA for
488,0.0, LEXKANDER Ya le cacharon NoCmo ahora el CPCCS ya no investigar las atrocidades de Trujillo y del estado ya no es noticiaCm
489,0.0, Infinitum01 CNE aprueba entrega de formularios para recoleccin de firmas para eliminar el CPCCS El mismo cnegobec NO ENTREGA for
490,0.0, Infinitum01 CNE aprueba entrega de formularios para recoleccin de firmas para eliminar el CPCCS El mismo cnegobec NO ENTREGA for
491,0.0, Infinitum01 CNE aprueba entrega de formularios para recoleccin de firmas para eliminar el CPCCS El mismo cnegobec NO ENTREGA for
492,0.0, LEXKANDER Ya le cacharon NoCmo ahora el CPCCS ya no investigar las atrocidades de Trujillo y del estado ya no es noticiaCm
493,0.0, Infinitum01 CNE aprueba entrega de formularios para recoleccin de firmas para eliminar el CPCCS El mismo cnegobec NO ENTREGA for
494,0.0, Infinitum01 CNE aprueba entrega de formularios para recoleccin de firmas para eliminar el CPCCS El mismo cnegobec NO ENTREGA for
495,0.0, Infinitum01 CNE aprueba entrega de formularios para recoleccin de firmas para eliminar el CPCCS El mismo cnegobec NO ENTREGA for
496,0.0, Infinitum01 CNE aprueba entrega de formularios para recoleccin de firmas para eliminar el CPCCS El mismo cnegobec NO ENTREGA for
497,0.0, Infinitum01 CNE aprueba entrega de formularios para recoleccin de firmas para eliminar el CPCCS El mismo cnegobec NO ENTREGA for
498,0.0, LEXKANDER Ya le cacharon NoCmo ahora el CPCCS ya no investigar las atrocidades de Trujillo y del estado ya no es noticiaCm
499,0.0, Infinitum01 CNE aprueba entrega de formularios para recoleccin de firmas para eliminar el CPCCS El mismo cnegobec NO ENTREGA for
